Model,MAE (km²),RMSE (km²),R²,MAPE (%)
Prophet,1.7431655057937652,2.85474835240558,0.10905252192521353,inf
ARIMA,2.1051907388335613,3.0709832121896907,-0.031030055529905454,inf
Random Forest,1.6597311043114544,2.935997579445885,0.05761616637652289,inf
XGBoost,1.8249873404528643,2.837783898047232,0.11961004006454401,inf
LSTM,1.8263835470856848,2.775710947296376,0.15770365258524865,inf
